{
    "ghostPori": {
        "Rotate": [
            6.400000095367432,
            2.4000000953674316,
            0.0
        ],
        "Scale": [
            0.6000000238418579,
            0.4000000059604645,
            0.23100000619888306
        ],
        "Translate": [
            0.4000000059604645,
            0.0,
            0.0
        ]
    }
}
