{
    "ghostPori": {
        "Rotate": [
            2.799999952316284,
            0.0,
            0.0
        ],
        "Scale": [
            1.0,
            1.0,
            1.0
        ],
        "Translate": [
            1.100000023841858,
            0.0,
            0.0
        ]
    }
}
