{
    "Model": {
        "Rotate": [
            3.200000047683716,
            0.0,
            3.0769999027252197
        ],
        "Scale": [
            1.0,
            1.0,
            1.1540000438690186
        ],
        "Translate": [
            2.4000000953674316,
            0.0,
            10.0
        ]
    }
}
